Workbook
Name DataChannelCountDefault: #REF!
Name DataChannelCountSetting: Beállítások!$C$8
Name DataDelayDefault: #REF!
Name DataDelaySetting: Beállítások!$C$4
Name DataOrientationDefault: #REF!
Name DataOrientationSetting: Beállítások!$C$10
Name DataRowCountDefault: #REF!
Name DataRowCountSetting: Beállítások!$C$6
Name Manifest_BaudRate: #REF!
Name Manifest_DataInterval: #REF!
Name Manifest_Generated: #REF!
Name Manifest_Id: #REF!
Name Manifest_Schema: #REF!

Sheet MHU
A1: Un | B1: In | C1: UBE | D1: P | E1: s | F1: <-S
A2: =G2 -> 1464 | B2: =H2 -> 0 | C2: ='Bejövő adatok'!C8 -> 0.516 | D2: =IF(LEN('Bejövő adatok'!D8)=0,"",0.001*A2*B2) -> 0 | G2: =IF(LEN('Bejövő adatok'!D8)=0,"",'Bejövő adatok'!D8*1000) -> 1464 | H2: =IF(LEN('Bejövő adatok'!E8)=0,"",'Bejövő adatok'!E8) -> 0 | J2: =IF(LEN(G2)=0,"",G2) -> 1464
A3: =G3 -> 1464 | B3: =H3 -> 0.004 | C3: ='Bejövő adatok'!C9 -> 0.53 | D3: =IF(LEN('Bejövő adatok'!D9)=0,"",0.001*A3*B3) -> 0.005856 | G3: =IF(LEN('Bejövő adatok'!D9)=0,"",'Bejövő adatok'!D9*1000) -> 1464 | H3: =IF(LEN('Bejövő adatok'!E9)=0,"",'Bejövő adatok'!E9) -> 0.004
A4: =G4 -> 1465 | B4: =H4 -> 0.036 | C4: ='Bejövő adatok'!C10 -> 0.555 | D4: =IF(LEN('Bejövő adatok'!D10)=0,"",0.001*A4*B4) -> 0.05274 | G4: =IF(LEN('Bejövő adatok'!D10)=0,"",'Bejövő adatok'!D10*1000) -> 1465 | H4: =IF(LEN('Bejövő adatok'!E10)=0,"",'Bejövő adatok'!E10) -> 0.036
A5: =G5 -> 1465 | B5: =H5 -> 0.049 | C5: ='Bejövő adatok'!C11 -> 0.567 | D5: =IF(LEN('Bejövő adatok'!D11)=0,"",0.001*A5*B5) -> 0.071785 | G5: =IF(LEN('Bejövő adatok'!D11)=0,"",'Bejövő adatok'!D11*1000) -> 1465 | H5: =IF(LEN('Bejövő adatok'!E11)=0,"",'Bejövő adatok'!E11) -> 0.049
A6: =G6 -> 1463 | B6: =H6 -> 0.122 | C6: ='Bejövő adatok'!C12 -> 0.592 | D6: =IF(LEN('Bejövő adatok'!D12)=0,"",0.001*A6*B6) -> 0.178486 | G6: =IF(LEN('Bejövő adatok'!D12)=0,"",'Bejövő adatok'!D12*1000) -> 1463 | H6: =IF(LEN('Bejövő adatok'!E12)=0,"",'Bejövő adatok'!E12) -> 0.122
A7: =G7 -> 1464 | B7: =H7 -> 0.21 | C7: ='Bejövő adatok'!C13 -> 0.604 | D7: =IF(LEN('Bejövő adatok'!D13)=0,"",0.001*A7*B7) -> 0.30744 | G7: =IF(LEN('Bejövő adatok'!D13)=0,"",'Bejövő adatok'!D13*1000) -> 1464 | H7: =IF(LEN('Bejövő adatok'!E13)=0,"",'Bejövő adatok'!E13) -> 0.21
A8: =G8 -> 1463 | B8: =H8 -> 0.348 | C8: ='Bejövő adatok'!C14 -> 0.617 | D8: =IF(LEN('Bejövő adatok'!D14)=0,"",0.001*A8*B8) -> 0.509124 | G8: =IF(LEN('Bejövő adatok'!D14)=0,"",'Bejövő adatok'!D14*1000) -> 1463 | H8: =IF(LEN('Bejövő adatok'!E14)=0,"",'Bejövő adatok'!E14) -> 0.348
A9: =G9 -> 1461 | B9: =H9 -> 0.857 | C9: ='Bejövő adatok'!C15 -> 0.64 | D9: =IF(LEN('Bejövő adatok'!D15)=0,"",0.001*A9*B9) -> 1.252077 | G9: =IF(LEN('Bejövő adatok'!D15)=0,"",'Bejövő adatok'!D15*1000) -> 1461 | H9: =IF(LEN('Bejövő adatok'!E15)=0,"",'Bejövő adatok'!E15) -> 0.857
A10: =G10 -> 1458 | B10: =H10 -> 1.3 | C10: ='Bejövő adatok'!C16 -> 0.651 | D10: =IF(LEN('Bejövő adatok'!D16)=0,"",0.001*A10*B10) -> 1.8954 | G10: =IF(LEN('Bejövő adatok'!D16)=0,"",'Bejövő adatok'!D16*1000) -> 1458 | H10: =IF(LEN('Bejövő adatok'!E16)=0,"",'Bejövő adatok'!E16) -> 1.3
A11: =G11 -> 1457 | B11: =H11 -> 1.919 | C11: ='Bejövő adatok'!C17 -> 0.662 | D11: =IF(LEN('Bejövő adatok'!D17)=0,"",0.001*A11*B11) -> 2.795983 | G11: =IF(LEN('Bejövő adatok'!D17)=0,"",'Bejövő adatok'!D17*1000) -> 1457 | H11: =IF(LEN('Bejövő adatok'!E17)=0,"",'Bejövő adatok'!E17) -> 1.919
A12: =G12 -> 1448 | B12: =H12 -> 3.798 | C12: ='Bejövő adatok'!C18 -> 0.681 | D12: =IF(LEN('Bejövő adatok'!D18)=0,"",0.001*A12*B12) -> 5.499504 | G12: =IF(LEN('Bejövő adatok'!D18)=0,"",'Bejövő adatok'!D18*1000) -> 1448 | H12: =IF(LEN('Bejövő adatok'!E18)=0,"",'Bejövő adatok'!E18) -> 3.798
A13: =G13 -> 1443 | B13: =H13 -> 5.049 | C13: ='Bejövő adatok'!C19 -> 0.689 | D13: =IF(LEN('Bejövő adatok'!D19)=0,"",0.001*A13*B13) -> 7.285707 | G13: =IF(LEN('Bejövő adatok'!D19)=0,"",'Bejövő adatok'!D19*1000) -> 1443 | H13: =IF(LEN('Bejövő adatok'!E19)=0,"",'Bejövő adatok'!E19) -> 5.049
A14: =G14 -> 1393 | B14: =H14 -> 7.88 | C14: ='Bejövő adatok'!C20 -> 0.702 | D14: =IF(LEN('Bejövő adatok'!D20)=0,"",0.001*A14*B14) -> 10.97684 | G14: =IF(LEN('Bejövő adatok'!D20)=0,"",'Bejövő adatok'!D20*1000) -> 1393 | H14: =IF(LEN('Bejövő adatok'!E20)=0,"",'Bejövő adatok'!E20) -> 7.88
... A31: =G31 -> 139 | B31: =H31 -> 6.378 | C31: ='Bejövő adatok'!C37 -> 0.75 | D31: =IF(LEN('Bejövő adatok'!D37)=0,"",0.001*A31*B31) -> 0.886542 | G31: =IF(LEN('Bejövő adatok'!D37)=0,"",'Bejövő adatok'!D37*1000) -> 139 | H31: =IF(LEN('Bejövő adatok'!E37)=0,"",'Bejövő adatok'!E37) -> 6.378

Sheet Bejövő adatok
A1: Bejövő adatok innen: Soros USB-eszköz (COM5)
A2: Ebben a szakaszban fognak megjelenni a jelenlegi adatforrásból érkező adatok a fogadásukkor.
A3: Jelenlegi adatok
A4: TIME | B4: CH1 | C4: CH2 | D4: CH3 | E4: CH4 | F4: CH5 | G4: CH6 | H4: CH7 | I4: CH8 | J4: CH9 | K4: CH10
A5: 46253.771 | B5: 40 | C5: 0.516 | D5: 1.464 | E5: 0
A6: Előzményadatok
A7: TIME | B7: CH1 | C7: CH2 | D7: CH3 | E7: CH4 | F7: CH5 | G7: CH6 | H7: CH7 | I7: CH8 | J7: CH9 | K7: CH10
A8: 46253.771 | B8: 40 | C8: 0.516 | D8: 1.464 | E8: 0
A9: 46253.771 | B9: 41 | C9: 0.53 | D9: 1.464 | E9: 0.004
A10: 46253.771 | B10: 43 | C10: 0.555 | D10: 1.465 | E10: 0.036
A11: 46253.771 | B11: 44 | C11: 0.567 | D11: 1.465 | E11: 0.049
A12: 46253.771 | B12: 46 | C12: 0.592 | D12: 1.463 | E12: 0.122
A13: 46253.771 | B13: 47 | C13: 0.604 | D13: 1.464 | E13: 0.21
A14: 46253.771 | B14: 48 | C14: 0.617 | D14: 1.463 | E14: 0.348
A15: 46253.771 | B15: 50 | C15: 0.64 | D15: 1.461 | E15: 0.857
A16: 46253.771 | B16: 51 | C16: 0.651 | D16: 1.458 | E16: 1.3
A17: 46253.771 | B17: 52 | C17: 0.662 | D17: 1.457 | E17: 1.919
A18: 46253.771 | B18: 54 | C18: 0.681 | D18: 1.448 | E18: 3.798
A19: 46253.771 | B19: 55 | C19: 0.689 | D19: 1.443 | E19: 5.049
... A37: 46253.771 | B37: 80 | C37: 0.75 | D37: 0.139 | E37: 6.378

Sheet Kimenő adatok
A1: Kimenő adatok (küldés az eszközre)
A2: Az alábbi csatornákba bevitt adatokat a rendszer egy vesszővel tagolt karakterláncként küldi el a jelenleg csatlakoztatott eszköznek.
A4: CH1 | B4: CH2 | C4: CH3 | D4: CH4 | E4: CH5 | F4: CH6 | G4: CH7 | H4: CH8 | I4: CH9 | J4: CH10
A5: =MHU!E1 -> s

Sheet Beállítások
A1: Munkafüzet-beállítások
A2: Az alábbi beállítások hatással lesznek arra, hogy miként olvassa be a program az adatokat az adatforrásokból a jelenlegi munkafüzetbe. Az egyes mezők tartalmának törlésével visszaállíthatja az alapértelmezett beállításukat.
A4: Adatok időköze (ms) | B4: 150 | C4: 150
A6: Adatsorok | B6: 15 | C6: 30
A8: Adatcsatornák | B8: 10 | C8: 10
A10: Adatok iránya | B10: Legújabbak utoljára | C10: Legújabbak elöl
A13: FIGYELMEZTETÉS: Ha módosítja a beállításokat, tartalmak és/vagy egyéni formázások veszhetnek el a Bejövő adatok és a Kimenő adatok munkalapon. Az értékek módosítása előtt mindig mentse a beállításokat.
