Workbook
Name DataChannelCountSetting: Beállítások!$C$8
Name DataDelaySetting: Beállítások!$C$4
Name DataOrientationSetting: Beállítások!$C$10
Name DataRowCountSetting: Beállítások!$C$6
Name Manifest_BaudRate: Jegyzékfájl!$I$9
Name Manifest_DataInterval: Jegyzékfájl!$I$7
Name Manifest_Generated: Jegyzékfájl!$K$5
Name Manifest_Id: Jegyzékfájl!$I$5:$J$5
Name Manifest_Schema: Jegyzékfájl!$L$1

Sheet grafikon
C1: Az indításhoz s -> Enter
A2: I (mA) | B2: UK(V) | C2: s
A3: =IF(ISERROR(VALUE('Bejövő adatok'!F8)),"",'Bejövő adatok'!F8) -> 116.67 | B3: =IF(ISERROR(VALUE('Bejövő adatok'!E8)),"",'Bejövő adatok'!E8) -> 1.47
A4: =IF(ISERROR(VALUE('Bejövő adatok'!F9)),"",'Bejövő adatok'!F9) -> 114.77 | B4: =IF(ISERROR(VALUE('Bejövő adatok'!E9)),"",'Bejövő adatok'!E9) -> 1.472
A5: =IF(ISERROR(VALUE('Bejövő adatok'!F10)),"",'Bejövő adatok'!F10) -> 111.07 | B5: =IF(ISERROR(VALUE('Bejövő adatok'!E10)),"",'Bejövő adatok'!E10) -> 1.474
A6: =IF(ISERROR(VALUE('Bejövő adatok'!F11)),"",'Bejövő adatok'!F11) -> 110.58 | B6: =IF(ISERROR(VALUE('Bejövő adatok'!E11)),"",'Bejövő adatok'!E11) -> 1.475
A7: =IF(ISERROR(VALUE('Bejövő adatok'!F12)),"",'Bejövő adatok'!F12) -> 106.7 | B7: =IF(ISERROR(VALUE('Bejövő adatok'!E12)),"",'Bejövő adatok'!E12) -> 1.477
A8: =IF(ISERROR(VALUE('Bejövő adatok'!F13)),"",'Bejövő adatok'!F13) -> 104.82 | B8: =IF(ISERROR(VALUE('Bejövő adatok'!E13)),"",'Bejövő adatok'!E13) -> 1.478
A9: =IF(ISERROR(VALUE('Bejövő adatok'!F14)),"",'Bejövő adatok'!F14) -> 98.91 | B9: =IF(ISERROR(VALUE('Bejövő adatok'!E14)),"",'Bejövő adatok'!E14) -> 1.479
A10: =IF(ISERROR(VALUE('Bejövő adatok'!F15)),"",'Bejövő adatok'!F15) -> 96.84 | B10: =IF(ISERROR(VALUE('Bejövő adatok'!E15)),"",'Bejövő adatok'!E15) -> 1.481
A11: =IF(ISERROR(VALUE('Bejövő adatok'!F16)),"",'Bejövő adatok'!F16) -> 92.56 | B11: =IF(ISERROR(VALUE('Bejövő adatok'!E16)),"",'Bejövő adatok'!E16) -> 1.482
A12: =IF(ISERROR(VALUE('Bejövő adatok'!F17)),"",'Bejövő adatok'!F17) -> 89.31 | B12: =IF(ISERROR(VALUE('Bejövő adatok'!E17)),"",'Bejövő adatok'!E17) -> 1.483
A13: =IF(ISERROR(VALUE('Bejövő adatok'!F18)),"",'Bejövő adatok'!F18) -> 86 | B13: =IF(ISERROR(VALUE('Bejövő adatok'!E18)),"",'Bejövő adatok'!E18) -> 1.484
A14: =IF(ISERROR(VALUE('Bejövő adatok'!F19)),"",'Bejövő adatok'!F19) -> 82.35 | B14: =IF(ISERROR(VALUE('Bejövő adatok'!E19)),"",'Bejövő adatok'!E19) -> 1.485
... A35: =IF(ISERROR(VALUE('Bejövő adatok'!F40)),"",'Bejövő adatok'!F40) -> 14.15 | B35: =IF(ISERROR(VALUE('Bejövő adatok'!E40)),"",'Bejövő adatok'!E40) -> 1.521

Sheet Bejövő adatok
A1: Bejövő adatok innen: Soros USB-eszköz (COM5)
A2: Ebben a szakaszban fognak megjelenni a jelenlegi adatforrásból érkező adatok a fogadásukkor.
A3: Jelenlegi adatok
A4: TIME | B4: CH1 | C4: CH2 | D4: CH3 | E4: CH4 | F4: CH5 | G4: CH6 | H4: CH7 | I4: CH8 | J4: CH9 | K4: CH10
A5: 46252.444 | B5: 254 | C5: 2.696 | D5: 1.509 | E5: 1.47 | F5: 116.67
A6: Előzményadatok
A7: TIME | B7: CH1 | C7: CH2 | D7: CH3 | E7: CH4 | F7: CH5 | G7: CH6 | H7: CH7 | I7: CH8 | J7: CH9 | K7: CH10
A8: 46252.444 | B8: 254 | C8: 2.696 | D8: 1.509 | E8: 1.47 | F8: 116.67
A9: 46252.444 | B9: 247 | C9: 2.618 | D9: 1.509 | E9: 1.472 | F9: 114.77
A10: 46252.444 | B10: 240 | C10: 2.541 | D10: 1.51 | E10: 1.474 | F10: 111.07
A11: 46252.444 | B11: 233 | C11: 2.466 | D11: 1.51 | E11: 1.475 | F11: 110.58
A12: 46252.444 | B12: 226 | C12: 2.392 | D12: 1.51 | E12: 1.477 | F12: 106.7
A13: 46252.444 | B13: 219 | C13: 2.318 | D13: 1.511 | E13: 1.478 | F13: 104.82
A14: 46252.444 | B14: 212 | C14: 2.246 | D14: 1.511 | E14: 1.479 | F14: 98.91
A15: 46252.444 | B15: 205 | C15: 2.172 | D15: 1.512 | E15: 1.481 | F15: 96.84
A16: 46252.444 | B16: 198 | C16: 2.101 | D16: 1.512 | E16: 1.482 | F16: 92.56
A17: 46252.444 | B17: 191 | C17: 2.029 | D17: 1.512 | E17: 1.483 | F17: 89.31
A18: 46252.444 | B18: 184 | C18: 1.956 | D18: 1.513 | E18: 1.484 | F18: 86
A19: 46252.444 | B19: 177 | C19: 1.883 | D19: 1.513 | E19: 1.485 | F19: 82.35
... A40: 46252.444 | B40: 30 | C40: 0.316 | D40: 1.525 | E40: 1.521 | F40: 14.15
A41: 46252.444 | B41: PWM | C41: Ug_V | D41: Ut_V | E41: Uk_V | F41: I_mA

Sheet Kimenő adatok
A1: Kimenő adatok (küldés az eszközre)
A2: Az alábbi csatornákba bevitt adatokat a rendszer egy vesszővel tagolt karakterláncként küldi el a jelenleg csatlakoztatott eszköznek.
A4: CH1 | B4: CH2 | C4: CH3 | D4: CH4 | E4: CH5 | F4: CH6 | G4: CH7 | H4: CH8 | I4: CH9 | J4: CH10
A5: =grafikon!C2 -> s

Sheet Beállítások
A1: Munkafüzet-beállítások
A2: Az alábbi beállítások hatással lesznek arra, hogy miként olvassa be a program az adatokat az adatforrásokból a jelenlegi munkafüzetbe. Az egyes mezők tartalmának törlésével visszaállíthatja az alapértelmezett beállításukat.
A4: Adatok időköze (ms) | B4: 150 | C4: 150
A6: Adatsorok | B6: 15 | C6: 50
A8: Adatcsatornák | B8: 10 | C8: 10
A10: Adatok iránya | B10: Legújabbak utoljára | C10: Legújabbak elöl
A13: FIGYELMEZTETÉS: Ha módosítja a beállításokat, tartalmak és/vagy egyéni formázások veszhetnek el a Bejövő adatok és a Kimenő adatok munkalapon. Az értékek módosítása előtt mindig mentse a beállításokat.

Sheet Jegyzékfájl
A1: Soros USB-eszköz | L1: {"Channels":[{"Description":null,"Id":null,"IsGhost":false,"Name":null,"Status":"Active","SubChannels":[{"Description":null,"Id":"CH1","IsGhost":false,"Name":"CH1","Status":"Active","SubChannels":[],"UnitOfMeasure":null},{"Description":null,"Id":"CH2","IsGhost":false,"Name":"CH2","Status":"Active","SubChannels":[],"UnitOfMeasure":null},{"Description":null,"Id":"CH3","IsGhost":false,"Name":"CH3","Status":"Active","SubChannels":[],"UnitOfMeasure":null},{"Description":null,"Id":"CH4","IsGhost":false,"Name":"CH4","Status":"Active","SubChannels":[],"UnitOfMeasure":null},{"Description":null,"Id":"CH5","IsGhost":false,"Name":"CH5","Status":"Active","SubChannels":[],"UnitOfMeasure":null},{"Description":null,"Id":"CH6","IsGhost":false,"Name":"CH6","Status":"Active","SubChannels":[],"UnitOfMeasure":null},{"Description":null,"Id":"CH7","IsGhost":false,"Name":"CH7","Status":"Active","SubChannels":[],"UnitOfMeasure":null},{"Description":null,"Id":"CH8","IsGhost":false,"Name":"CH8","Status":"Active","SubChannels":[],"UnitOfMeasure":null},{"Description":null,"Id":"CH9","IsGhost":false,"Name":"CH9","Status":"Active","SubChannels":[],"UnitOfMeasure":null},{"Description":null,"Id":"CH10","IsGhost":false,"Name":"CH10","Status":"Active","SubChannels":[],"UnitOfMeasure":null}],"UnitOfMeasure":null}],"Commands":[],"DataInterval":150,"Id":"440ED657-3716-4446-B914-17B23D2A565A","IsGenerated":true,"Name":"Soros USB-eszköz","Version":null,"BaudRate":115200}
A2: Ez a jegyzékfájl a csatlakoztatott eszközhöz készült. Ha itt módosítja az eszköz nevét és a csatorna adatait, frissítjük a munkalapon lévő adatokat.
B3: Csatornák
I4: Adatforrás azonosítója
C5: Azonosító | D5: Név | E5: Leírás | F5: Mértékegység | G5: Aktív | I5: 440ED657-3716-4446-B914-17B23D2A565A | K5: 1
C6: CH1 | D6: CH1 | G6: ü | I6: Adatok időköze (ms)
C7: CH2 | D7: CH2 | G7: ü | I7: 150
C8: CH3 | D8: CH3 | G8: ü | I8: Átviteli sebesség
C9: CH4 | D9: CH4 | G9: ü | I9: 115200
C10: CH5 | D10: CH5 | G10: ü
C11: CH6 | D11: CH6 | G11: ü
C12: CH7 | D12: CH7 | G12: ü
C13: CH8 | D13: CH8 | G13: ü
C14: CH9 | D14: CH9 | G14: ü
C15: CH10 | D15: CH10 | G15: ü
