Workbook
Name DataChannelCountSetting: Beállítások!$C$8
Name DataDelaySetting: Beállítások!$C$4
Name DataOrientationSetting: Beállítások!$C$10
Name DataRowCountSetting: Beállítások!$C$6
Name Manifest_BaudRate: Jegyzékfájl!$I$9
Name Manifest_DataInterval: Jegyzékfájl!$I$7
Name Manifest_Generated: Jegyzékfájl!$K$5
Name Manifest_Id: Jegyzékfájl!$I$5:$J$5
Name Manifest_Schema: Jegyzékfájl!$L$1

Sheet Munka1
D1: s
A3: 1 | B3: ='Bejövő adatok'!C8 -> 0 | C3: ='Bejövő adatok'!B8 -> 0
A4: 2 | B4: ='Bejövő adatok'!C9 -> 0.9827 | C4: ='Bejövő adatok'!B9 -> 0.0731
A5: 3 | B5: ='Bejövő adatok'!C10 -> 1.0395 | C5: ='Bejövő adatok'!B10 -> 0.2965
A6: 4 | B6: ='Bejövő adatok'!C11 -> 1.0758 | C6: ='Bejövő adatok'!B11 -> 0.6637
A7: 5 | B7: ='Bejövő adatok'!C12 -> 1.0891 | C7: ='Bejövő adatok'!B12 -> 1.0719
A8: 6 | B8: ='Bejövő adatok'!C13 -> 1.1016 | C8: ='Bejövő adatok'!B13 -> 1.5008
A9: 7 | B9: ='Bejövő adatok'!C14 -> 1.1167 | C9: ='Bejövő adatok'!B14 -> 1.9533
A10: 8 | B10: ='Bejövő adatok'!C15 -> 1.1251 | C10: ='Bejövő adatok'!B15 -> 2.3951
A11: 9 | B11: ='Bejövő adatok'!C16 -> 1.1292 | C11: ='Bejövő adatok'!B16 -> 2.8475
A12: 10 | B12: ='Bejövő adatok'!C17 -> 1.14 | C12: ='Bejövő adatok'!B17 -> 3.3281
A13: 11 | B13: ='Bejövő adatok'!C18 -> 1.1427 | C13: ='Bejövő adatok'!B18 -> 3.7849
A14: 12 | B14: ='Bejövő adatok'!C19 -> 1.1546 | C14: ='Bejövő adatok'!B19 -> 4.2345
... A22: 20 | B22: ='Bejövő adatok'!C27 -> 1.184 | C22: ='Bejövő adatok'!B27 -> 8.0213

Sheet Bejövő adatok
A1: Bejövő adatok innen: Soros USB-eszköz (COM5)
A2: Ebben a szakaszban fognak megjelenni a jelenlegi adatforrásból érkező adatok a fogadásukkor.
A3: Jelenlegi adatok
A4: TIME | B4: CH1 | C4: CH2
A5: 46256.364 | B5: 8.0213 | C5: 1.184
A6: Előzményadatok
A7: TIME | B7: CH1 | C7: CH2
A8: 46256.364 | B8: 0 | C8: 0
A9: 46256.364 | B9: 0.0731 | C9: 0.9827
A10: 46256.364 | B10: 0.2965 | C10: 1.0395
A11: 46256.364 | B11: 0.6637 | C11: 1.0758
A12: 46256.364 | B12: 1.0719 | C12: 1.0891
A13: 46256.364 | B13: 1.5008 | C13: 1.1016
A14: 46256.364 | B14: 1.9533 | C14: 1.1167
A15: 46256.364 | B15: 2.3951 | C15: 1.1251
A16: 46256.364 | B16: 2.8475 | C16: 1.1292
A17: 46256.364 | B17: 3.3281 | C17: 1.14
A18: 46256.364 | B18: 3.7849 | C18: 1.1427
A19: 46256.364 | B19: 4.2345 | C19: 1.1546
... A27: 46256.364 | B27: 8.0213 | C27: 1.184

Sheet Kimenő adatok
A1: Kimenő adatok (küldés az eszközre)
A2: Az alábbi csatornákba bevitt adatokat a rendszer egy vesszővel tagolt karakterláncként küldi el a jelenleg csatlakoztatott eszköznek.
A4: CH1 | B4: CH2 | C4: CH3 | D4: CH4 | E4: CH5 | F4: CH6 | G4: CH7 | H4: CH8 | I4: CH9 | J4: CH10
A5: =Munka1!D1 -> s

Sheet Beállítások
A1: Munkafüzet-beállítások
A2: Az alábbi beállítások hatással lesznek arra, hogy miként olvassa be a program az adatokat az adatforrásokból a jelenlegi munkafüzetbe. Az egyes mezők tartalmának törlésével visszaállíthatja az alapértelmezett beállításukat.
A4: Adatok időköze (ms) | B4: 150 | C4: 150
A6: Adatsorok | B6: 15 | C6: 20
A8: Adatcsatornák | B8: 10 | C8: 2
A10: Adatok iránya | B10: Legújabbak utoljára | C10: Legújabbak utoljára
A13: FIGYELMEZTETÉS: Ha módosítja a beállításokat, tartalmak és/vagy egyéni formázások veszhetnek el a Bejövő adatok és a Kimenő adatok munkalapon. Az értékek módosítása előtt mindig mentse a beállításokat.

Sheet Jegyzékfájl
A1: Soros USB-eszköz | L1: {"Channels":[{"Description":null,"Id":null,"IsGhost":false,"Name":null,"Status":"Active","SubChannels":[{"Description":null,"Id":"CH1","IsGhost":false,"Name":"I (mA)","Status":"Active","SubChannels":[],"UnitOfMeasure":null},{"Description":null,"Id":"CH2","IsGhost":false,"Name":"Uka","Status":"Active","SubChannels":[],"UnitOfMeasure":null}],"UnitOfMeasure":null}],"Commands":[],"DataInterval":150,"Id":"C2A582EC-91E7-4F9A-AF9A-51ABE420DA9C","IsGenerated":true,"Name":"Soros USB-eszköz","Version":null,"BaudRate":115200}
A2: Ez a jegyzékfájl a csatlakoztatott eszközhöz készült. Ha itt módosítja az eszköz nevét és a csatorna adatait, frissítjük a munkalapon lévő adatokat.
B3: Csatornák
I4: Adatforrás azonosítója
C5: Azonosító | D5: Név | E5: Leírás | F5: Mértékegység | G5: Aktív | I5: C2A582EC-91E7-4F9A-AF9A-51ABE420DA9C | K5: 1
C6: CH1 | D6: CH1 | G6: ü | I6: Adatok időköze (ms)
C7: CH2 | D7: CH2 | G7: ü | I7: 150
I8: Átviteli sebesség
I9: 115200
